USE `db_teste_serasa`;


DELETE FROM transacaotransporte;
DELETE FROM pesagens;
DELETE FROM tipograo;
DELETE FROM balanca;
DELETE from caminhao;
DELETE FROM filial;


-- =========================
-- FILIAIS
-- =========================
INSERT INTO `filial` (`id`,`nome`) VALUES
                                  (1,'Filial São Paulo'),
                                  (2,'Filial Rio de Janeiro'),
                                  (3,'Filial Belo Horizonte');

-- =========================
-- BALANÇAS (2 por filial)
-- =========================
INSERT INTO `balanca` (`id`,`id_filial`, `identificador_autorizacao`) VALUES
-- Filial São Paulo
(1,1, 'a1f3e9d2-4bcd-11ee-be56-0242ac120002'),
(2,1, 'b2f4f0d3-4bcd-11ee-be56-0242ac120002'),

-- Filial Rio de Janeiro
(3,2, 'c3f5f1d4-4bcd-11ee-be56-0242ac120002'),
(4,2, 'd4f6f2d5-4bcd-11ee-be56-0242ac120002'),

-- Filial Belo Horizonte
(5,3, 'e5f7f3d6-4bcd-11ee-be56-0242ac120002'),db_teste_serasatipograo
(6,3, 'f6f8f4d7-4bcd-11ee-be56-0242ac120002');

-- =========================
-- CAMINHÕES (20)
-- =========================
INSERT INTO `caminhao` (`placa`, `tara`) VALUES
                                             ('AAA1001', 8000),
                                             ('AAA1002', 7500),
                                             ('AAA1003', 8200),
                                             ('AAA1004', 7900),
                                             ('AAA1005', 8100),
                                             ('BBB2001', 8300),
                                             ('BBB2002', 7800),
                                             ('BBB2003', 8000),
                                             ('BBB2004', 7700),
                                             ('BBB2005', 8500),
                                             ('CCC3001', 8000),
                                             ('CCC3002', 7900),
                                             ('CCC3003', 8150),
                                             ('CCC3004', 8050),
                                             ('CCC3005', 7950),
                                             ('DDD4001', 8100),
                                             ('DDD4002', 8200),
                                             ('DDD4003', 8000),
                                             ('DDD4004', 7850),
                                             ('DDD4005', 8300);

-- =========================
-- TIPOS DE GRÃO (5)
-- =========================
INSERT INTO `tipograo` (`id`,`nome`, `custo_por_tonelada`) VALUES
                                                          (1,'Soja', 2000.00),
                                                          (2,'Milho', 1800.00),
                                                          (3,'Trigo', 2200.00),
                                                          (4,'Arroz', 1900.00),
                                                          (5,'Feijão', 2500.00);

-- =========================
-- PESAGENS (2 por caminhão)
-- =========================
INSERT INTO `pesagens` (`custo_carga`, `id_balanca`, `id_tipo_grao`, `peso_bruto_estabilizado`, `peso_liquido`, `tara`, `data_hora_pesagem`, `placa`) VALUES
-- AAA1001
(1600, 1, 1, 15000, 7000, 8000, '2025-11-16 08:00:00', 'AAA1001'),
(1650, 2, 2, 15500, 7300, 8200, '2025-11-16 14:00:00', 'AAA1001'),
-- AAA1002
(1700, 1, 3, 16000, 8100, 7500, '2025-11-16 09:00:00', 'AAA1002'),
(1750, 2, 4, 16500, 8600, 7500, '2025-11-16 15:30:00', 'AAA1002'),
-- AAA1003
(1600, 1, 5, 15000, 6800, 8200, '2025-11-16 07:30:00', 'AAA1003'),
(1620, 2, 1, 15200, 7000, 8200, '2025-11-16 13:45:00', 'AAA1003'),
-- AAA1004
(1680, 1, 2, 15800, 7800, 7900, '2025-11-16 10:00:00', 'AAA1004'),
(1720, 2, 3, 16200, 8200, 7900, '2025-11-16 16:00:00', 'AAA1004'),
-- AAA1005
(1650, 1, 4, 15500, 7700, 8100, '2025-11-16 08:30:00', 'AAA1005'),
(1670, 2, 5, 15700, 7800, 8100, '2025-11-16 14:30:00', 'AAA1005'),
-- BBB2001
(1680, 3, 1, 15800, 7800, 8300, '2025-11-16 09:15:00', 'BBB2001'),
(1700, 4, 2, 16000, 8000, 8300, '2025-11-16 15:15:00', 'BBB2001'),
-- BBB2002
(1600, 3, 3, 15000, 7000, 7800, '2025-11-16 07:45:00', 'BBB2002'),
(1620, 4, 4, 15200, 7200, 7800, '2025-11-16 13:45:00', 'BBB2002'),
-- BBB2003
(1650, 3, 5, 15500, 7600, 8000, '2025-11-16 08:30:00', 'BBB2003'),
(1670, 4, 1, 15700, 7800, 8000, '2025-11-16 14:30:00', 'BBB2003'),
-- BBB2004
(1680, 3, 2, 15800, 7800, 7700, '2025-11-16 09:00:00', 'BBB2004'),
(1720, 4, 3, 16200, 8200, 7700, '2025-11-16 15:30:00', 'BBB2004'),
-- BBB2005
(1650, 3, 4, 15500, 7700, 8500, '2025-11-16 08:30:00', 'BBB2005'),
(1670, 4, 5, 15700, 7800, 8500, '2025-11-16 14:30:00', 'BBB2005'),
-- CCC3001
(1600, 5, 1, 15000, 7000, 8000, '2025-11-16 07:30:00', 'CCC3001'),
(1620, 6, 2, 15200, 7200, 8000, '2025-11-16 13:30:00', 'CCC3001'),
-- CCC3002
(1650, 5, 3, 15500, 7700, 7900, '2025-11-16 08:00:00', 'CCC3002'),
(1670, 6, 4, 15700, 7800, 7900, '2025-11-16 14:00:00', 'CCC3002'),
-- CCC3003
(1680, 5, 5, 15800, 8000, 8150, '2025-11-16 09:00:00', 'CCC3003'),
(1720, 6, 1, 16200, 8200, 8150, '2025-11-16 15:00:00', 'CCC3003'),
-- CCC3004
(1650, 5, 2, 15500, 7700, 8050, '2025-11-16 08:30:00', 'CCC3004'),
(1670, 6, 3, 15700, 7800, 8050, '2025-11-16 14:30:00', 'CCC3004'),
-- CCC3005
(1600, 5, 4, 15000, 7000, 7950, '2025-11-16 07:45:00', 'CCC3005'),
(1620, 6, 5, 15200, 7200, 7950, '2025-11-16 13:45:00', 'CCC3005'),
-- DDD4001
(1680, 5, 1, 15800, 7800, 8100, '2025-11-16 09:15:00', 'DDD4001'),
(1700, 6, 2, 16000, 8000, 8100, '2025-11-16 15:15:00', 'DDD4001'),
-- DDD4002
(1600, 5, 3, 15000, 7000, 8200, '2025-11-16 07:30:00', 'DDD4002'),
(1620, 6, 4, 15200, 7200, 8200, '2025-11-16 13:30:00', 'DDD4002'),
-- DDD4003
(1650, 5, 5, 15500, 7700, 8000, '2025-11-16 08:00:00', 'DDD4003'),
(1670, 6, 1, 15700, 7800, 8000, '2025-11-16 14:00:00', 'DDD4003'),
-- DDD4004
(1680, 5, 2, 15800, 7800, 7850, '2025-11-16 09:15:00', 'DDD4004'),
(1720, 6, 3, 16200, 8200, 7850, '2025-11-16 15:15:00', 'DDD4004'),
-- DDD4005
(1650, 5, 4, 15500, 7700, 8300, '2025-11-16 08:30:00', 'DDD4005'),
(1670, 6, 5, 15700, 7800, 8300, '2025-11-16 14:30:00', 'DDD4005');

-- =========================
-- TRANSAÇÕES DE TRANSPORTE (2 por caminhão)
-- =========================
INSERT INTO `transacaotransporte` (`id_grao`, `id_pesagem`, `volume_comprado`, `data_hora_saida`, `data_hora_retorno`, `placa_caminhao`) VALUES
-- AAA1001
(1, 1, 7, '2025-11-16 08:15:00', '2025-11-16 12:00:00', 'AAA1001'),
(2, 2, 7.3, '2025-11-16 14:15:00', '2025-11-16 18:00:00', 'AAA1001'),
-- AAA1002
(3, 3, 8.1, '2025-11-16 09:15:00', '2025-11-16 13:00:00', 'AAA1002'),
(4, 4, 8.6, '2025-11-16 15:45:00', '2025-11-16 19:30:00', 'AAA1002'),
-- AAA1003
(5, 5, 6.8, '2025-11-16 07:45:00', '2025-11-16 11:30:00', 'AAA1003'),
(1, 6, 7.0, '2025-11-16 14:00:00', '2025-11-16 17:30:00', 'AAA1003'),
-- AAA1004
(2, 7, 7.8, '2025-11-16 10:15:00', '2025-11-16 14:00:00', 'AAA1004'),
(3, 8, 8.2, '2025-11-16 16:15:00', '2025-11-16 20:00:00', 'AAA1004'),
-- AAA1005
(4, 9, 7.7, '2025-11-16 08:45:00', '2025-11-16 12:30:00', 'AAA1005'),
(5, 10, 7.8, '2025-11-16 14:45:00', '2025-11-16 18:30:00', 'AAA1005'),
-- BBB2001
(1, 11, 7.8, '2025-11-16 09:30:00', '2025-11-16 13:30:00', 'BBB2001'),
(2, 12, 8.0, '2025-11-16 15:30:00', '2025-11-16 19:30:00', 'BBB2001'),
-- BBB2002
(3, 13, 7.0, '2025-11-16 08:00:00', '2025-11-16 12:00:00', 'BBB2002'),
(4, 14, 7.2, '2025-11-16 14:00:00', '2025-11-16 18:00:00', 'BBB2002'),
-- BBB2003
(5, 15, 7.6, '2025-11-16 08:30:00', '2025-11-16 12:30:00', 'BBB2003'),
(1, 16, 7.8, '2025-11-16 14:30:00', '2025-11-16 18:30:00', 'BBB2003'),
-- BBB2004
(2, 17, 7.8, '2025-11-16 09:00:00', '2025-11-16 13:00:00', 'BBB2004'),
(3, 18, 8.2, '2025-11-16 15:00:00', '2025-11-16 19:00:00', 'BBB2004'),
-- BBB2005
(4, 19, 7.7, '2025-11-16 08:30:00', '2025-11-16 12:30:00', 'BBB2005'),
(5, 20, 7.8, '2025-11-16 14:30:00', '2025-11-16 18:30:00', 'BBB2005');

-- =========================
-- PESAGENS REALISTAS
-- =========================
-- Serão 2 pesagens por caminhão (20 caminhões) com datas e pesos variados
INSERT INTO `pesagens` (`custo_carga`, `id_balanca`, `id_tipo_grao`, `peso_bruto_estabilizado`, `peso_liquido`, `tara`, `data_hora_pesagem`, `placa`) VALUES
                                                                                                                                                          ('1600', 1, 1, 14800, 6800, 8000, '2025-11-10 07:45:00', 'AAA1001'),
                                                                                                                                                          ('1620', 2, 2, 15100, 7100, 8000, '2025-11-11 14:20:00', 'AAA1001'),
                                                                                                                                                          ('1700', 1, 3, 15900, 8100, 7800, '2025-11-10 09:10:00', 'AAA1002'),
                                                                                                                                                          ('1725', 2, 4, 16350, 8450, 7900, '2025-11-11 15:45:00', 'AAA1002'),
                                                                                                                                                          ('1600', 1, 5, 15050, 6800, 8200, '2025-11-10 08:00:00', 'AAA1003'),
                                                                                                                                                          ('1620', 2, 1, 15300, 7000, 8200, '2025-11-11 13:30:00', 'AAA1003'),
                                                                                                                                                          ('1680', 1, 2, 15780, 7800, 7900, '2025-11-10 10:15:00', 'AAA1004'),
                                                                                                                                                          ('1720', 2, 3, 16250, 8250, 7900, '2025-11-11 16:00:00', 'AAA1004'),
                                                                                                                                                          ('1650', 1, 4, 15550, 7700, 8100, '2025-11-10 08:30:00', 'AAA1005'),
                                                                                                                                                          ('1670', 2, 5, 15750, 7850, 8100, '2025-11-11 14:30:00', 'AAA1005'),
                                                                                                                                                          ('1680', 3, 1, 15820, 7800, 8300, '2025-11-12 09:15:00', 'BBB2001'),
                                                                                                                                                          ('1700', 4, 2, 16050, 8000, 8300, '2025-11-12 15:15:00', 'BBB2001'),
                                                                                                                                                          ('1600', 3, 3, 15020, 7000, 7800, '2025-11-12 07:50:00', 'BBB2002'),
                                                                                                                                                          ('1620', 4, 4, 15250, 7200, 7800, '2025-11-12 13:45:00', 'BBB2002'),
                                                                                                                                                          ('1650', 3, 5, 15580, 7650, 8000, '2025-11-12 08:40:00', 'BBB2003'),
                                                                                                                                                          ('1670', 4, 1, 15790, 7850, 8000, '2025-11-12 14:35:00', 'BBB2003'),
                                                                                                                                                          ('1680', 3, 2, 15820, 7800, 7700, '2025-11-12 09:05:00', 'BBB2004'),
                                                                                                                                                          ('1720', 4, 3, 16200, 8200, 7700, '2025-11-12 15:20:00', 'BBB2004'),
                                                                                                                                                          ('1650', 3, 4, 15530, 7700, 8500, '2025-11-12 08:25:00', 'BBB2005'),
                                                                                                                                                          ('1670', 4, 5, 15740, 7800, 8500, '2025-11-12 14:25:00', 'BBB2005'),
                                                                                                                                                          ('1600', 5, 1, 14980, 6900, 8000, '2025-11-13 07:40:00', 'CCC3001'),
                                                                                                                                                          ('1620', 6, 2, 15230, 7150, 8000, '2025-11-13 13:35:00', 'CCC3001'),
                                                                                                                                                          ('1650', 5, 3, 15560, 7700, 7900, '2025-11-13 08:10:00', 'CCC3002'),
                                                                                                                                                          ('1670', 6, 4, 15780, 7850, 7900, '2025-11-13 14:10:00', 'CCC3002'),
                                                                                                                                                          ('1680', 5, 5, 15810, 8000, 8150, '2025-11-13 09:00:00', 'CCC3003'),
                                                                                                                                                          ('1720', 6, 1, 16230, 8250, 8150, '2025-11-13 15:00:00', 'CCC3003'),
                                                                                                                                                          ('1650', 5, 2, 15540, 7700, 8050, '2025-11-13 08:30:00', 'CCC3004'),
                                                                                                                                                          ('1670', 6, 3, 15760, 7850, 8050, '2025-11-13 14:30:00', 'CCC3004'),
                                                                                                                                                          ('1600', 5, 4, 15010, 7000, 7950, '2025-11-13 07:55:00', 'CCC3005'),
                                                                                                                                                          ('1620', 6, 5, 15240, 7200, 7950, '2025-11-13 13:55:00', 'CCC3005'),
                                                                                                                                                          ('1680', 5, 1, 15810, 7800, 8100, '2025-11-14 09:20:00', 'DDD4001'),
                                                                                                                                                          ('1700', 6, 2, 16040, 8000, 8100, '2025-11-14 15:20:00', 'DDD4001'),
                                                                                                                                                          ('1600', 5, 3, 15030, 7000, 8200, '2025-11-14 07:50:00', 'DDD4002'),
                                                                                                                                                          ('1620', 6, 4, 15260, 7200, 8200, '2025-11-14 13:50:00', 'DDD4002'),
                                                                                                                                                          ('1650', 5, 5, 15590, 7700, 8000, '2025-11-14 08:20:00', 'DDD4003'),
                                                                                                                                                          ('1670', 6, 1, 15800, 7850, 8000, '2025-11-14 14:20:00', 'DDD4003'),
                                                                                                                                                          ('1680', 5, 2, 15830, 7800, 7850, '2025-11-14 09:15:00', 'DDD4004'),
                                                                                                                                                          ('1720', 6, 3, 16210, 8200, 7850, '2025-11-14 15:15:00', 'DDD4004'),
                                                                                                                                                          ('1650', 5, 4, 15550, 7700, 8300, '2025-11-14 08:35:00', 'DDD4005'),
                                                                                                                                                          ('1670', 6, 5, 15770, 7800, 8300, '2025-11-14 14:35:00', 'DDD4005');


-- =========================
-- TRANSAÇÕES DE TRANSPORTE REALISTAS
-- =========================
-- Cada transação corresponde a uma pesagem
INSERT INTO `transacaotransporte` (`id_grao`, `id_pesagem`, `volume_comprado`, `data_hora_saida`, `data_hora_retorno`, `placa_caminhao`) VALUES
                                                                                                                                             (1, 1, 6.8, '2025-11-10 08:00:00', '2025-11-10 12:00:00', 'AAA1001'),
                                                                                                                                             (2, 2, 7.1, '2025-11-11 14:30:00', '2025-11-11 18:30:00', 'AAA1001'),
                                                                                                                                             (3, 3, 8.1, '2025-11-10 09:20:00', '2025-11-10 13:20:00', 'AAA1002'),
                                                                                                                                             (4, 4, 8.5, '2025-11-11 16:00:00', '2025-11-11 20:00:00', 'AAA1002'),
                                                                                                                                             (5, 5, 6.9, '2025-11-10 08:10:00', '2025-11-10 12:10:00', 'AAA1003'),
                                                                                                                                             (1, 6, 7.0, '2025-11-11 13:50:00', '2025-11-11 17:50:00', 'AAA1003'),
                                                                                                                                             (2, 7, 7.8, '2025-11-10 10:30:00', '2025-11-10 14:30:00', 'AAA1004'),
                                                                                                                                             (3, 8, 8.2, '2025-11-11 16:10:00', '2025-11-11 20:10:00', 'AAA1004'),
                                                                                                                                             (4, 9, 7.7, '2025-11-10 08:45:00', '2025-11-10 12:45:00', 'AAA1005'),
                                                                                                                                             (5, 10, 7.9, '2025-11-11 14:45:00', '2025-11-11 18:45:00', 'AAA1005'),
                                                                                                                                             (1, 11, 7.8, '2025-11-12 09:30:00', '2025-11-12 13:30:00', 'BBB2001'),
                                                                                                                                             (2, 12, 8.0, '2025-11-12 15:30:00', '2025-11-12 19:30:00', 'BBB2001'),
                                                                                                                                             (3, 13, 7.0, '2025-11-12 08:10:00', '2025-11-12 12:10:00', 'BBB2002'),
                                                                                                                                             (4, 14, 7.3, '2025-11-12 14:10:00', '2025-11-12 18:10:00', 'BBB2002'),
                                                                                                                                             (5, 15, 7.6, '2025-11-12 08:40:00', '2025-11-12 12:40:00', 'BBB2003'),
                                                                                                                                             (1, 16, 7.8, '2025-11-12 14:40:00', '2025-11-12 18:40:00', 'BBB2003'),
                                                                                                                                             (2, 17, 7.8, '2025-11-12 09:05:00', '2025-11-12 13:05:00', 'BBB2004'),
                                                                                                                                             (3, 18, 8.2, '2025-11-12 15:05:00', '2025-11-12 19:05:00', 'BBB2004'),
                                                                                                                                             (4, 19, 7.7, '2025-11-12 08:35:00', '2025-11-12 12:35:00', 'BBB2005'),
                                                                                                                                             (5, 20, 7.9, '2025-11-12 14:35:00', '2025-11-12 18:35:00', 'BBB2005');